CompanyName,Followers Count,Username,Website URL,
DevRev,10670,2020-01-01T00:00:00,devrev,https://devrev.ai,
Url,Comment Count,Created Time,Empathy Count,Entertainment Count,Interest Count,Like Count,Praise Count,Share Count,View Count,
https://www.linkedin.com/feed/update/urn:li:activity:7082469186186203136/,0,2023-07-05T21:00:00,25,null,null,2,null,1,null,
https://www.linkedin.com/feed/update/urn:li:activity:7080570279898349568/,1,2023-06-30T16:00:00,18,null,null,4,null,1,null,
https://www.linkedin.com/feed/update/urn:li:activity:7080477861874188289/,5,2023-06-30T00:00:00,22,null,null,10,2,4,null,
https://www.linkedin.com/feed/update/urn:li:activity:7080419442668548098/,0,2023-06-29T00:00:00,24,null,null,6,3,2,null,
https://www.linkedin.com/feed/update/urn:li:activity:7079178511919288320/,0,2023-06-29T00:00:00,19,null,null,null,null,2,null,
https://www.linkedin.com/feed/update/urn:li:activity:7080433842737606657/,1,2023-06-29T00:00:00,56,null,null,7,3,1,null,
https://www.linkedin.com/feed/update/urn:li:activity:7079243891522109441/,0,2023-06-26T22:00:00,36,null,null,5,1,4,null,
https://www.linkedin.com/feed/update/urn:li:activity:7076998329439563776/,0,2023-06-22T00:00:00,13,null,null,null,null,0,null,
https://www.linkedin.com/feed/update/urn:li:activity:7076964887062581248/,0,2023-06-22T00:00:00,60,null,null,null,2,0,null,
https://www.linkedin.com/feed/update/urn:li:activity:7074107840528879617/,2,2023-06-15T00:00:00,13,null,null,null,2,0,null,
https://www.linkedin.com/feed/update/urn:li:activity:7072673908843302912/,1,2023-06-15T00:00:00,32,null,null,null,2,4,null,
https://www.linkedin.com/feed/update/urn:li:activity:7072337467642687488/,1,2023-06-01T00:00:00,46,null,null,2,4,2,null,
https://www.linkedin.com/feed/update/urn:li:activity:7054955659938672640/,1,2023-04-21T00:00:00,93,null,null,16,7,37,8397,
